{"epoch": 1, "training_loss": 0.05830517159381383, "testing_loss": 0.3903069860405392, "test_accuracy": 0.4753521126760563, "label": [[0.0, 1.0], [1.0, 0.0], [0.0, 1.0], [0.0, 1.0], [0.0, 1.0], [0.0, 1.0], [0.0, 1.0], [0.0, 1.0], [1.0, 0.0], [0.0, 1.0], [0.0, 1.0], [0.0, 1.0], [0.0, 1.0], [0.0, 1.0], [0.0, 1.0], [0.0, 1.0], [0.0, 1.0], [1.0, 0.0], [1.0, 0.0], [0.0, 1.0], [0.0, 1.0], [0.0, 1.0], [1.0, 0.0], [0.0, 1.0], [1.0, 0.0], [0.0, 1.0], [0.0, 1.0], [1.0, 0.0], [0.0, 1.0], [0.0, 1.0], [0.0, 1.0], [1.0, 0.0]]}{"epoch": 1, "training_loss": 0.05575327050517982, "testing_loss": 0.37630199392636615, "test_accuracy": 0.4779929577464789, "label": [[1.0, 0.0], [0.0, 1.0], [1.0, 0.0], [0.0, 1.0], [0.0, 1.0], [1.0, 0.0], [0.0, 1.0], [0.0, 1.0], [0.0, 1.0], [1.0, 0.0], [1.0, 0.0], [0.0, 1.0], [1.0, 0.0], [0.0, 1.0], [0.0, 1.0], [0.0, 1.0], [1.0, 0.0], [1.0, 0.0], [1.0, 0.0], [0.0, 1.0], [0.0, 1.0], [1.0, 0.0], [0.0, 1.0], [0.0, 1.0], [0.0, 1.0], [0.0, 1.0], [1.0, 0.0], [1.0, 0.0], [0.0, 1.0], [1.0, 0.0], [0.0, 1.0], [0.0, 1.0]]}{"epoch": 1, "training_loss": 0.05273525941539818, "testing_loss": 0.37088969349861145, "test_accuracy": 0.47975352112676056, "label": [[0.0, 1.0], [0.0, 1.0], [0.0, 1.0], [1.0, 0.0], [0.0, 1.0], [1.0, 0.0], [0.0, 1.0], [1.0, 0.0], [0.0, 1.0], [0.0, 1.0], [0.0, 1.0], [0.0, 1.0], [0.0, 1.0], [0.0, 1.0], [0.0, 1.0], [0.0, 1.0], [0.0, 1.0], [1.0, 0.0], [0.0, 1.0], [1.0, 0.0], [0.0, 1.0], [0.0, 1.0], [1.0, 0.0], [0.0, 1.0], [1.0, 0.0], [0.0, 1.0], [0.0, 1.0], [1.0, 0.0], [1.0, 0.0], [1.0, 0.0], [0.0, 1.0], [0.0, 1.0]]}